Timestamp,Status,Fatigue_Score,Yawn_Count
Timestamp,Status,Fatigue_Score,Yawn_Count
Timestamp,Status,Fatigue_Score,Yawn_Count
2025-02-28 19:16:10,Normal,0,0
2025-02-28 19:16:10,Normal,0,0
2025-02-28 19:16:10,Normal,0,0
2025-02-28 19:16:10,Normal,0,0
2025-02-28 19:16:10,Normal,0,0
2025-02-28 19:16:10,Normal,0,0
2025-02-28 19:16:10,Normal,0,0
2025-02-28 19:16:10,Normal,0,0
2025-02-28 19:16:10,Normal,0,0
2025-02-28 19:16:10,Normal,0,0
2025-02-28 19:16:10,Normal,0,0
2025-02-28 19:16:11,Normal,0,0
2025-02-28 19:16:11,Normal,0,0
2025-02-28 19:16:11,Normal,0,0
2025-02-28 19:16:11,Normal,0,0
2025-02-28 19:16:11,Normal,0,0
2025-02-28 19:16:11,Normal,0,0
2025-02-28 19:16:11,Normal,0,0
2025-02-28 19:16:11,Normal,0,0
2025-02-28 19:16:11,Normal,0,0
2025-02-28 19:16:11,Normal,0,0
2025-02-28 19:16:11,Normal,0,0
2025-02-28 19:16:11,Normal,0,0
2025-02-28 19:16:11,Normal,0,0
2025-02-28 19:16:11,Normal,0,0
2025-02-28 19:16:11,Normal,0,0
2025-02-28 19:16:12,Normal,0,0
2025-02-28 19:16:12,Normal,0,0
2025-02-28 19:16:12,Normal,0,0
2025-02-28 19:16:12,Normal,0,0
2025-02-28 19:16:12,Normal,0,0
2025-02-28 19:16:12,Normal,0,0
2025-02-28 19:16:12,Normal,0,0
2025-02-28 19:16:12,Normal,0,0
2025-02-28 19:16:12,Normal,0,0
2025-02-28 19:16:12,Normal,0,0
2025-02-28 19:16:12,Normal,0,0
2025-02-28 19:16:12,Normal,0,0
2025-02-28 19:16:12,Normal,0,0
2025-02-28 19:16:12,Normal,0,0
2025-02-28 19:16:13,Normal,0,0
2025-02-28 19:16:13,Normal,0,0
2025-02-28 19:16:13,Normal,0,0
2025-02-28 19:16:13,Normal,0,0
2025-02-28 19:16:13,Normal,0,0
2025-02-28 19:16:13,Normal,0,0
2025-02-28 19:16:13,Normal,0,0
2025-02-28 19:16:13,Normal,0,0
2025-02-28 19:16:13,Normal,0,0
2025-02-28 19:16:13,Normal,0,0
2025-02-28 19:16:13,Normal,0,0
2025-02-28 19:16:13,Normal,0,0
2025-02-28 19:16:13,Normal,0,0
2025-02-28 19:16:13,Normal,0,0
2025-02-28 19:16:13,Normal,0,0
2025-02-28 19:16:14,Normal,0,0
2025-02-28 19:16:14,Normal,0,0
2025-02-28 19:16:14,Normal,0,0
2025-02-28 19:16:14,Normal,40,0
2025-02-28 19:16:14,Normal,40,0
2025-02-28 19:16:14,Normal,0,0
2025-02-28 19:16:14,Normal,0,0
2025-02-28 19:16:14,Normal,0,0
2025-02-28 19:16:14,Normal,0,0
2025-02-28 19:16:14,Normal,0,0
2025-02-28 19:16:14,Normal,0,0
2025-02-28 19:16:14,Normal,0,0
2025-02-28 19:16:14,Normal,0,0
2025-02-28 19:16:14,Normal,0,0
2025-02-28 19:16:15,Normal,0,0
2025-02-28 19:16:15,Normal,0,0
2025-02-28 19:16:15,Normal,0,0
2025-02-28 19:16:15,Normal,0,0
2025-02-28 19:16:15,Normal,0,0
2025-02-28 19:16:15,Normal,0,0
2025-02-28 19:16:15,Normal,0,0
2025-02-28 19:16:15,Normal,0,0
2025-02-28 19:16:15,Normal,0,0
2025-02-28 19:16:15,Normal,0,0
2025-02-28 19:16:15,Normal,0,0
2025-02-28 19:16:15,Normal,0,0
2025-02-28 19:16:15,Normal,0,0
2025-02-28 19:16:15,Normal,0,0
2025-02-28 19:16:15,Normal,0,0
2025-02-28 19:16:16,Normal,0,0
2025-02-28 19:16:16,Normal,0,0
2025-02-28 19:16:16,Normal,0,0
2025-02-28 19:16:16,Normal,0,0
2025-02-28 19:16:16,Normal,0,0
2025-02-28 19:16:16,Normal,0,0
2025-02-28 19:16:16,Normal,0,0
2025-02-28 19:16:16,Normal,0,0
2025-02-28 19:16:16,Normal,0,0
2025-02-28 19:16:16,Normal,0,0
2025-02-28 19:16:16,Normal,0,0
2025-02-28 19:16:16,Normal,0,0
2025-02-28 19:16:16,Normal,0,0
2025-02-28 19:16:16,Normal,0,0
2025-02-28 19:16:16,Normal,0,0
2025-02-28 19:16:17,Normal,0,0
2025-02-28 19:16:17,Normal,0,0
2025-02-28 19:16:17,Normal,0,0
2025-02-28 19:16:17,Normal,0,0
2025-02-28 19:16:17,Normal,0,0
2025-02-28 19:16:17,Normal,30,0
2025-02-28 19:16:17,Normal,30,0
2025-02-28 19:16:17,Normal,30,0
2025-02-28 19:16:17,Normal,30,0
2025-02-28 19:16:17,Normal,30,0
2025-02-28 19:16:17,Normal,30,0
2025-02-28 19:16:17,Normal,30,0
2025-02-28 19:16:17,Normal,30,0
2025-02-28 19:16:17,Normal,0,0
2025-02-28 19:16:17,Normal,30,0
2025-02-28 19:16:18,Normal,30,0
2025-02-28 19:16:18,Normal,0,0
2025-02-28 19:16:18,Normal,0,0
2025-02-28 19:16:18,Normal,0,0
2025-02-28 19:16:18,Normal,0,0
2025-02-28 19:16:18,Normal,0,0
2025-02-28 19:16:18,Normal,0,0
2025-02-28 19:16:18,Normal,0,0
2025-02-28 19:16:18,Normal,0,0
2025-02-28 19:16:18,Normal,0,0
2025-02-28 19:16:18,Normal,0,0
2025-02-28 19:16:18,Normal,0,0
2025-02-28 19:16:18,Normal,0,0
2025-02-28 19:16:18,Normal,40,0
2025-02-28 19:16:19,Normal,0,0
2025-02-28 19:16:19,Normal,0,0
2025-02-28 19:16:19,Normal,40,0
2025-02-28 19:16:19,Normal,0,0
2025-02-28 19:16:19,Normal,0,0
2025-02-28 19:16:19,Normal,0,0
2025-02-28 19:16:19,Normal,0,0
2025-02-28 19:16:19,Normal,0,0
2025-02-28 19:16:19,Normal,0,0
2025-02-28 19:16:19,Normal,0,0
2025-02-28 19:16:19,Normal,0,0
2025-02-28 19:16:19,Normal,0,0
2025-02-28 19:16:19,Normal,0,0
2025-02-28 19:16:19,Normal,0,0
2025-02-28 19:16:19,Normal,0,0
2025-02-28 19:16:20,Normal,0,0
2025-02-28 19:16:20,Normal,0,0
2025-02-28 19:16:20,Normal,0,0
2025-02-28 19:16:20,Normal,0,0
2025-02-28 19:16:20,Normal,0,0
2025-02-28 19:16:20,Normal,0,0
2025-02-28 19:16:20,Normal,0,0
2025-02-28 19:16:20,Normal,0,0
2025-02-28 19:16:20,Normal,0,0
2025-02-28 19:16:20,Normal,0,0
2025-02-28 19:16:20,Normal,0,0
2025-02-28 19:16:20,Normal,0,0
2025-02-28 19:16:20,Normal,0,0
2025-02-28 19:16:20,Normal,0,0
2025-02-28 19:16:21,Normal,0,0
2025-02-28 19:16:21,Normal,0,0
2025-02-28 19:16:21,Normal,0,0
2025-02-28 19:16:21,Normal,0,0
2025-02-28 19:16:21,Normal,0,0
2025-02-28 19:16:21,Normal,40,0
2025-02-28 19:16:21,Normal,0,0
2025-02-28 19:16:21,Normal,0,0
2025-02-28 19:16:21,Normal,0,0
2025-02-28 19:16:21,Normal,0,0
2025-02-28 19:16:21,Normal,0,0
2025-02-28 19:16:21,Normal,0,0
2025-02-28 19:16:21,Normal,0,0
2025-02-28 19:16:21,Normal,30,0
2025-02-28 19:16:21,Normal,30,0
2025-02-28 19:16:22,Normal,30,0
2025-02-28 19:16:22,Normal,0,0
2025-02-28 19:16:22,Normal,30,0
2025-02-28 19:16:22,Normal,30,0
2025-02-28 19:16:22,Normal,0,0
2025-02-28 19:16:22,Normal,30,0
2025-02-28 19:16:22,Normal,0,0
2025-02-28 19:16:22,Normal,0,0
2025-02-28 19:16:22,Normal,0,0
2025-02-28 19:16:22,Normal,0,0
2025-02-28 19:16:22,Normal,0,0
2025-02-28 19:16:22,Normal,0,0
2025-02-28 19:16:22,Normal,30,0
2025-02-28 19:16:22,Normal,0,0
2025-02-28 19:16:23,Normal,0,0
2025-02-28 19:16:23,Normal,0,0
2025-02-28 19:16:23,Normal,30,0
2025-02-28 19:16:23,Normal,0,0
2025-02-28 19:16:23,Normal,30,0
2025-02-28 19:16:23,Normal,30,0
2025-02-28 19:16:23,Normal,30,0
2025-02-28 19:16:23,Normal,30,0
2025-02-28 19:16:23,Normal,0,0
2025-02-28 19:16:23,Normal,0,0
2025-02-28 19:16:23,Normal,0,0
2025-02-28 19:16:23,Normal,0,0
2025-02-28 19:16:23,Normal,0,0
2025-02-28 19:16:23,Normal,0,0
2025-02-28 19:16:24,Normal,0,0
2025-02-28 19:16:24,Normal,0,0
2025-02-28 19:16:24,Normal,0,0
2025-02-28 19:16:24,Normal,0,0
2025-02-28 19:16:24,Normal,0,0
2025-02-28 19:16:24,Normal,0,0
2025-02-28 19:16:24,Normal,0,0
2025-02-28 19:16:24,Normal,0,0
2025-02-28 19:16:24,Normal,0,0
2025-02-28 19:16:24,Normal,0,0
2025-02-28 19:16:24,Normal,0,0
2025-02-28 19:16:24,Normal,0,0
2025-02-28 19:16:24,Normal,0,0
2025-02-28 19:16:24,Normal,0,0
2025-02-28 19:16:24,Normal,0,0
2025-02-28 19:16:25,Normal,0,0
2025-02-28 19:16:25,Normal,0,0
2025-02-28 19:16:25,Normal,0,0
2025-02-28 19:16:25,Normal,0,0
2025-02-28 19:16:25,Normal,0,0
2025-02-28 19:16:25,Normal,0,0
2025-02-28 19:16:25,Normal,0,0
2025-02-28 19:16:25,Normal,0,0
2025-02-28 19:16:25,Normal,0,0
2025-02-28 19:16:25,Normal,0,0
2025-02-28 19:16:25,Normal,0,0
2025-02-28 19:16:25,Normal,0,0
2025-02-28 19:16:25,Normal,0,0
2025-02-28 19:16:25,Normal,0,0
2025-02-28 19:16:26,Normal,0,0
2025-02-28 19:16:26,Normal,0,0
2025-02-28 19:16:26,Normal,0,0
2025-02-28 19:16:26,Normal,0,0
2025-02-28 19:16:26,Normal,0,0
2025-02-28 19:16:26,Normal,0,0
2025-02-28 19:16:26,Normal,0,0
2025-02-28 19:16:26,Normal,0,0
2025-02-28 19:16:26,Normal,0,0
2025-02-28 19:16:26,Normal,0,0
2025-02-28 19:16:26,Normal,40,0
2025-02-28 19:16:26,Normal,0,0
2025-02-28 19:16:26,Normal,0,0
2025-02-28 19:16:26,Normal,0,0
2025-02-28 19:16:27,Normal,40,0
2025-02-28 19:16:27,Normal,40,0
2025-02-28 19:16:27,Normal,40,0
2025-02-28 19:16:27,Normal,40,0
2025-02-28 19:16:27,Normal,40,0
2025-02-28 19:16:27,Normal,40,0
2025-02-28 19:16:27,Normal,0,0
2025-02-28 19:16:27,Normal,0,0
2025-02-28 19:16:27,Normal,0,0
2025-02-28 19:16:27,Normal,40,0
2025-02-28 19:16:27,Normal,0,0
2025-02-28 19:16:27,Normal,0,0
2025-02-28 19:16:27,Normal,0,0
2025-02-28 19:16:27,Normal,0,0
2025-02-28 19:16:28,Normal,0,0
2025-02-28 19:16:28,Normal,0,0
2025-02-28 19:16:28,Normal,0,0
2025-02-28 19:16:28,Normal,0,0
2025-02-28 19:16:28,Normal,0,0
2025-02-28 19:16:28,Normal,0,0
2025-02-28 19:16:28,Normal,0,0
2025-02-28 19:16:28,Normal,0,0
2025-02-28 19:16:28,Normal,0,0
2025-02-28 19:16:28,Normal,0,0
2025-02-28 19:16:28,Normal,0,0
2025-02-28 19:16:28,Normal,0,0
2025-02-28 19:16:28,Normal,0,0
2025-02-28 19:16:28,Normal,0,0
2025-02-28 19:16:29,Normal,0,0
2025-02-28 19:16:29,Normal,0,0
2025-02-28 19:16:29,Normal,0,0
2025-02-28 19:16:29,Normal,0,0
2025-02-28 19:16:29,Normal,0,0
2025-02-28 19:16:29,Normal,0,0
2025-02-28 19:16:29,Normal,0,0
2025-02-28 19:16:29,Normal,0,0
2025-02-28 19:16:29,Normal,0,0
2025-02-28 19:16:29,Normal,0,0
2025-02-28 19:16:29,Normal,0,0
2025-02-28 19:16:29,Normal,0,0
2025-02-28 19:16:29,Normal,0,0
2025-02-28 19:16:29,Normal,0,0
2025-02-28 19:16:29,Normal,0,0
2025-02-28 19:16:30,Normal,0,0
2025-02-28 19:16:30,Normal,0,0
2025-02-28 19:16:30,Normal,0,0
2025-02-28 19:16:30,Normal,0,0
2025-02-28 19:16:30,Normal,0,0
2025-02-28 19:16:30,Normal,0,0
2025-02-28 19:16:30,Normal,0,0
2025-02-28 19:16:30,Normal,0,0
2025-02-28 19:16:30,Normal,0,0
2025-02-28 19:16:30,Normal,0,0
2025-02-28 19:16:30,Normal,0,0
2025-02-28 19:16:30,Normal,0,0
2025-02-28 19:16:30,Normal,0,0
2025-02-28 19:16:30,Normal,0,0
2025-02-28 19:16:31,Normal,0,0
2025-02-28 19:16:31,Normal,0,0
2025-02-28 19:16:31,Normal,0,0
2025-02-28 19:16:31,Normal,0,0
2025-02-28 19:16:31,Normal,0,0
2025-02-28 19:16:31,Normal,0,0
2025-02-28 19:16:31,Normal,0,0
2025-02-28 19:16:31,Normal,0,0
2025-02-28 19:16:31,Normal,0,0
2025-02-28 19:16:31,Normal,0,0
2025-02-28 19:16:31,Normal,0,0
2025-02-28 19:16:32,Normal,0,0
2025-02-28 19:16:32,Normal,0,0
2025-02-28 19:16:32,Normal,0,0
2025-02-28 19:16:32,Normal,0,0
2025-02-28 19:16:32,Normal,0,0
2025-02-28 19:16:32,Normal,0,0
2025-02-28 19:16:32,Normal,0,0
2025-02-28 19:16:32,Normal,0,0
2025-02-28 19:16:32,Normal,0,0
2025-02-28 19:16:32,Normal,0,0
2025-02-28 19:16:32,Normal,0,0
2025-02-28 19:16:32,Normal,0,0
2025-02-28 19:16:32,Normal,0,0
2025-02-28 19:16:32,Normal,0,0
2025-02-28 19:16:32,Normal,0,0
2025-02-28 19:16:33,Normal,0,0
2025-02-28 19:16:33,Normal,0,0
2025-02-28 19:16:33,Normal,0,0
2025-02-28 19:16:33,Normal,0,0
2025-02-28 19:16:33,Normal,0,0
2025-02-28 19:16:33,Normal,0,0
2025-02-28 19:16:33,Normal,0,0
2025-02-28 19:16:33,Normal,0,0
2025-02-28 19:16:33,Normal,0,0
2025-02-28 19:16:33,Normal,0,0
2025-02-28 19:16:33,Normal,0,0
2025-02-28 19:16:33,Normal,0,0
2025-02-28 19:16:33,Normal,0,0
2025-02-28 19:16:33,Normal,0,0
2025-02-28 19:16:34,Normal,0,0
2025-02-28 19:16:34,Normal,0,0
2025-02-28 19:16:34,Normal,0,0
2025-02-28 19:16:34,Normal,0,0
2025-02-28 19:16:34,Normal,0,0
2025-02-28 19:16:34,Normal,0,0
2025-02-28 19:16:34,Normal,0,0
2025-02-28 19:16:34,Normal,0,0
2025-02-28 19:16:34,Normal,0,0
2025-02-28 19:16:34,Normal,0,0
2025-02-28 19:16:34,Normal,0,0
2025-02-28 19:16:34,Normal,0,0
2025-02-28 19:16:34,Normal,0,0
2025-02-28 19:16:34,Normal,0,0
2025-02-28 19:16:35,Normal,0,0
2025-02-28 19:16:35,Normal,0,0
2025-02-28 19:16:35,Normal,0,0
2025-02-28 19:16:35,Normal,0,0
2025-02-28 19:16:35,Normal,0,0
2025-02-28 19:16:35,Normal,0,0
2025-02-28 19:16:35,Normal,0,0
2025-02-28 19:16:35,Normal,0,0
2025-02-28 19:16:35,Normal,0,0
2025-02-28 19:16:35,Normal,0,0
2025-02-28 19:16:35,Normal,0,0
2025-02-28 19:16:35,Normal,40,0
2025-02-28 19:16:35,Normal,40,0
2025-02-28 19:16:35,Normal,40,0
2025-02-28 19:16:36,Normal,0,0
2025-02-28 19:16:36,Normal,0,0
2025-02-28 19:16:36,Normal,0,0
2025-02-28 19:16:36,Normal,0,0
2025-02-28 19:16:36,Normal,0,0
2025-02-28 19:16:36,Normal,0,0
2025-02-28 19:16:36,Normal,0,0
2025-02-28 19:16:36,Normal,0,0
2025-02-28 19:16:36,Normal,0,0
2025-02-28 19:16:36,Normal,0,0
2025-02-28 19:16:36,Normal,0,0
2025-02-28 19:16:36,Normal,0,0
2025-02-28 19:16:36,Normal,0,0
2025-02-28 19:16:36,Normal,0,0
2025-02-28 19:16:37,Normal,0,0
2025-02-28 19:16:37,Normal,0,0
2025-02-28 19:16:37,Normal,0,0
2025-02-28 19:16:37,Normal,0,0
2025-02-28 19:16:37,Normal,0,0
2025-02-28 19:16:37,Normal,0,0
2025-02-28 19:16:37,Normal,0,0
2025-02-28 19:16:37,Normal,40,0
2025-02-28 19:16:37,Normal,40,0
2025-02-28 19:16:37,Normal,40,0
2025-02-28 19:16:37,Normal,40,0
2025-02-28 19:16:37,Normal,40,0
2025-02-28 19:16:37,Normal,40,0
2025-02-28 19:16:37,Normal,40,0
2025-02-28 19:16:37,Normal,40,0
2025-02-28 19:16:38,Normal,40,0
2025-02-28 19:16:38,Normal,40,0
2025-02-28 19:16:38,Normal,40,0
2025-02-28 19:16:38,Normal,40,0
2025-02-28 19:16:38,Normal,40,0
2025-02-28 19:16:38,Normal,40,0
2025-02-28 19:16:38,Normal,0,0
2025-02-28 19:16:38,Normal,0,0
2025-02-28 19:16:38,Normal,30,0
2025-02-28 19:16:38,Normal,0,0
2025-02-28 19:16:38,Normal,30,0
2025-02-28 19:16:38,Normal,0,0
2025-02-28 19:16:38,Normal,0,0
2025-02-28 19:16:38,Normal,0,0
2025-02-28 19:16:39,Normal,0,0
2025-02-28 19:16:39,Normal,0,0
2025-02-28 19:16:39,Normal,0,0
2025-02-28 19:16:39,Normal,0,0
2025-02-28 19:16:39,Normal,0,0
2025-02-28 19:16:39,Normal,0,0
2025-02-28 19:16:39,Normal,0,0
2025-02-28 19:16:39,Normal,0,0
2025-02-28 19:16:39,Normal,0,0
2025-02-28 19:16:39,Normal,0,0
2025-02-28 19:16:39,Normal,0,0
2025-02-28 19:16:39,Normal,0,0
2025-02-28 19:16:39,Normal,0,0
2025-02-28 19:16:39,Normal,40,0
2025-02-28 19:16:39,Normal,40,0
2025-02-28 19:16:40,Normal,40,0
2025-02-28 19:16:40,Normal,40,0
2025-02-28 19:16:40,Normal,40,0
2025-02-28 19:16:40,Normal,40,0
2025-02-28 19:16:40,Normal,40,0
2025-02-28 19:16:40,Normal,0,0
2025-02-28 19:16:40,Normal,0,0
2025-02-28 19:16:40,Normal,0,0
2025-02-28 19:16:40,Normal,0,0
2025-02-28 19:16:40,Normal,0,0
2025-02-28 19:16:40,Normal,0,0
2025-02-28 19:16:40,Normal,0,0
2025-02-28 19:16:40,Normal,0,0
2025-02-28 19:16:40,Normal,0,0
2025-02-28 19:16:41,Normal,0,0
2025-02-28 19:16:41,Normal,40,0
2025-02-28 19:16:41,Normal,40,0
2025-02-28 19:16:41,Normal,40,0
2025-02-28 19:16:41,Normal,40,0
2025-02-28 19:16:41,Normal,40,0
2025-02-28 19:16:41,Normal,40,0
2025-02-28 19:16:41,Normal,40,0
2025-02-28 19:16:41,Normal,40,0
2025-02-28 19:16:41,Normal,40,0
2025-02-28 19:16:41,Normal,40,0
2025-02-28 19:16:41,Normal,40,0
2025-02-28 19:16:41,Normal,40,0
2025-02-28 19:16:41,Normal,40,0
2025-02-28 19:16:42,Normal,40,0
2025-02-28 19:16:42,Normal,40,0
2025-02-28 19:16:42,Normal,40,0
2025-02-28 19:16:42,Normal,40,0
2025-02-28 19:16:42,Normal,40,0
2025-02-28 19:16:42,Normal,40,0
2025-02-28 19:16:42,Normal,40,0
2025-02-28 19:16:42,Normal,40,0
2025-02-28 19:16:42,Normal,40,0
2025-02-28 19:16:42,Normal,40,0
2025-02-28 19:16:42,Normal,40,0
2025-02-28 19:16:42,Normal,40,0
2025-02-28 19:16:42,Normal,40,0
2025-02-28 19:16:42,Normal,40,0
2025-02-28 19:16:43,Normal,40,0
2025-02-28 19:16:43,Normal,40,0
2025-02-28 19:16:43,Normal,40,0
2025-02-28 19:16:43,Normal,40,0
2025-02-28 19:16:43,Normal,40,0
2025-02-28 19:16:43,Normal,40,0
2025-02-28 19:16:43,Normal,40,0
2025-02-28 19:16:43,Normal,40,0
2025-02-28 19:16:43,Normal,40,0
2025-02-28 19:16:43,Normal,40,0
2025-02-28 19:16:43,Normal,40,0
2025-02-28 19:16:43,Normal,40,0
2025-02-28 19:16:43,Normal,40,0
2025-02-28 19:16:43,Normal,40,0
2025-02-28 19:16:43,Normal,40,0
2025-02-28 19:16:44,Normal,40,0
2025-02-28 19:16:44,Normal,40,0
2025-02-28 19:16:44,Normal,40,0
2025-02-28 19:16:44,Normal,40,0
2025-02-28 19:16:44,Normal,0,0
2025-02-28 19:16:44,Normal,0,0
2025-02-28 19:16:44,Normal,0,0
2025-02-28 19:16:44,Normal,0,0
2025-02-28 19:16:44,Normal,0,0
2025-02-28 19:16:44,Normal,0,0
2025-02-28 19:16:44,Normal,0,0
2025-02-28 19:16:44,Normal,0,0
2025-02-28 19:16:44,Normal,0,0
2025-02-28 19:16:44,Normal,0,0
2025-02-28 19:16:45,Normal,0,0
2025-02-28 19:16:45,Normal,0,0
2025-02-28 19:16:45,Normal,0,0
2025-02-28 19:16:45,Normal,0,0
2025-02-28 19:16:45,Normal,0,0
2025-02-28 19:16:45,Normal,0,0
2025-02-28 19:16:45,Normal,40,0
2025-02-28 19:16:45,Normal,0,0
2025-02-28 19:16:45,Normal,40,0
2025-02-28 19:16:45,Normal,0,0
2025-02-28 19:16:45,Normal,0,0
2025-02-28 19:16:45,Normal,40,0
2025-02-28 19:16:45,Normal,40,0
2025-02-28 19:16:45,Normal,40,0
2025-02-28 19:16:45,Normal,40,0
2025-02-28 19:16:46,Normal,40,0
2025-02-28 19:16:46,Normal,40,0
2025-02-28 19:16:46,Normal,40,0
2025-02-28 19:16:46,Normal,40,0
2025-02-28 19:16:46,Normal,40,0
2025-02-28 19:16:46,Normal,40,0
2025-02-28 19:16:46,Normal,40,0
2025-02-28 19:16:46,Normal,40,0
2025-02-28 19:16:46,Normal,40,0
2025-02-28 19:16:46,Normal,40,0
2025-02-28 19:16:46,Normal,40,0
2025-02-28 19:16:46,Normal,40,0
2025-02-28 19:16:46,Normal,0,0
2025-02-28 19:16:46,Normal,0,0
2025-02-28 19:16:47,Normal,0,0
2025-02-28 19:16:47,Normal,0,0
2025-02-28 19:16:47,Normal,0,0
2025-02-28 19:16:47,Normal,0,0
2025-02-28 19:16:47,Normal,0,0
2025-02-28 19:16:47,Normal,0,0
2025-02-28 19:16:47,Normal,0,0
2025-02-28 19:16:47,Normal,40,0
2025-02-28 19:16:47,Normal,40,0
2025-02-28 19:16:47,Normal,40,0
2025-02-28 19:16:47,Normal,40,0
2025-02-28 19:16:47,Normal,40,0
2025-02-28 19:16:47,Normal,40,0
2025-02-28 19:16:47,Normal,40,0
2025-02-28 19:16:48,Normal,40,0
2025-02-28 19:16:48,Normal,40,0
2025-02-28 19:16:48,Normal,40,0
2025-02-28 19:16:48,Normal,40,0
2025-02-28 19:16:48,Normal,40,0
2025-02-28 19:16:48,Normal,40,0
2025-02-28 19:16:48,Normal,40,0
2025-02-28 19:16:48,Normal,40,0
2025-02-28 19:16:48,Normal,40,0
2025-02-28 19:16:48,Normal,40,0
2025-02-28 19:16:48,Normal,40,0
2025-02-28 19:16:48,Normal,40,0
2025-02-28 19:16:48,Normal,40,0
2025-02-28 19:16:48,Normal,40,0
2025-02-28 19:16:49,Normal,40,0
2025-02-28 19:16:49,Normal,40,0
2025-02-28 19:16:49,Normal,40,0
2025-02-28 19:16:49,Normal,40,0
2025-02-28 19:16:49,Normal,40,0
2025-02-28 19:16:49,Normal,40,0
2025-02-28 19:16:49,Normal,40,0
2025-02-28 19:16:49,Normal,40,0
2025-02-28 19:16:49,Normal,40,0
2025-02-28 19:16:49,Normal,40,0
2025-02-28 19:16:49,Normal,40,0
2025-02-28 19:16:49,Normal,40,0
2025-02-28 19:16:49,Normal,40,0
2025-02-28 19:16:49,Normal,40,0
2025-02-28 19:16:49,Normal,40,0
2025-02-28 19:16:50,Normal,40,0
2025-02-28 19:16:50,Normal,40,0
2025-02-28 19:16:50,Normal,40,0
2025-02-28 19:16:50,Normal,40,0
2025-02-28 19:16:50,Normal,40,0
2025-02-28 19:16:50,Normal,40,0
2025-02-28 19:16:50,Normal,40,0
2025-02-28 19:16:50,Normal,40,0
2025-02-28 19:16:50,Normal,40,0
2025-02-28 19:16:50,Normal,40,0
2025-02-28 19:16:50,Normal,40,0
2025-02-28 19:16:50,Normal,40,0
2025-02-28 19:16:50,Normal,40,0
2025-02-28 19:16:50,Normal,40,0
2025-02-28 19:16:51,Normal,40,0
2025-02-28 19:16:51,Normal,40,0
2025-02-28 19:16:51,Normal,40,0
2025-02-28 19:16:51,Normal,40,0
2025-02-28 19:16:51,Normal,40,0
2025-02-28 19:16:51,Normal,40,0
2025-02-28 19:16:51,Normal,40,0
2025-02-28 19:16:51,Normal,40,0
2025-02-28 19:16:51,Normal,40,0
2025-02-28 19:16:51,Normal,40,0
2025-02-28 19:16:51,Normal,40,0
2025-02-28 19:16:51,Normal,40,0
2025-02-28 19:16:51,Normal,40,0
2025-02-28 19:16:51,Normal,40,0
2025-02-28 19:16:52,Normal,40,0
2025-02-28 19:16:52,Normal,40,0
2025-02-28 19:16:52,Normal,40,0
2025-02-28 19:16:52,Normal,40,0
2025-02-28 19:16:52,Normal,40,0
2025-02-28 19:16:52,Normal,40,0
2025-02-28 19:16:52,Normal,40,0
2025-02-28 19:16:52,Normal,40,0
2025-02-28 19:16:52,Normal,40,0
2025-02-28 19:16:52,Normal,40,0
2025-02-28 19:16:52,Normal,40,0
2025-02-28 19:16:52,Normal,40,0
2025-02-28 19:16:52,Normal,40,0
2025-02-28 19:16:52,Normal,40,0
2025-02-28 19:16:52,Normal,40,0
2025-02-28 19:16:53,Normal,40,0
2025-02-28 19:16:53,Normal,40,0
2025-02-28 19:16:53,Normal,40,0
2025-02-28 19:16:53,Normal,40,0
2025-02-28 19:16:53,Normal,40,0
2025-02-28 19:16:53,Normal,40,0
2025-02-28 19:16:53,Normal,40,0
2025-02-28 19:16:53,Normal,40,0
2025-02-28 19:16:53,Normal,40,0
2025-02-28 19:16:53,Normal,40,0
2025-02-28 19:16:53,Normal,40,0
2025-02-28 19:16:53,Normal,40,0
2025-02-28 19:16:53,Normal,40,0
2025-02-28 19:16:53,Normal,40,0
2025-02-28 19:16:54,Normal,40,0
2025-02-28 19:16:54,Normal,40,0
2025-02-28 19:16:54,Normal,40,0
2025-02-28 19:16:54,Normal,40,0
2025-02-28 19:16:54,Normal,40,0
2025-02-28 19:16:54,Normal,40,0
2025-02-28 19:16:54,Normal,40,0
2025-02-28 19:16:54,Normal,40,0
2025-02-28 19:16:54,Normal,40,0
2025-02-28 19:16:54,Normal,40,0
2025-02-28 19:16:54,Normal,40,0
2025-02-28 19:16:54,Normal,40,0
2025-02-28 19:16:54,Normal,40,0
2025-02-28 19:16:54,Normal,40,0
2025-02-28 19:16:54,Normal,40,0
2025-02-28 19:16:55,Normal,40,0
2025-02-28 19:16:55,Normal,0,0
2025-02-28 19:16:55,Normal,0,0
2025-02-28 19:16:55,Normal,0,0
2025-02-28 19:16:55,Normal,0,0
2025-02-28 19:16:55,Normal,0,0
2025-02-28 19:16:55,Normal,0,0
2025-02-28 19:16:55,Normal,0,0
2025-02-28 19:16:55,Normal,0,0
2025-02-28 19:16:55,Normal,0,0
2025-02-28 19:16:55,Normal,0,0
2025-02-28 19:16:55,Normal,0,0
2025-02-28 19:16:55,Normal,40,0
2025-02-28 19:16:55,Normal,40,0
2025-02-28 19:16:56,Normal,0,0
2025-02-28 19:16:56,Normal,40,0
2025-02-28 19:16:56,Normal,40,0
2025-02-28 19:16:56,Normal,40,0
2025-02-28 19:16:56,Normal,40,0
2025-02-28 19:16:56,Normal,40,0
2025-02-28 19:16:56,Normal,40,0
2025-02-28 19:16:56,Normal,40,0
2025-02-28 19:16:56,Normal,40,0
2025-02-28 19:16:56,Normal,40,0
2025-02-28 19:16:56,Normal,40,0
2025-02-28 19:16:56,Normal,40,0
2025-02-28 19:16:56,Normal,40,0
2025-02-28 19:16:56,Normal,40,0
2025-02-28 19:16:56,Normal,40,0
2025-02-28 19:16:57,Normal,40,0
2025-02-28 19:16:57,Normal,40,0
2025-02-28 19:16:57,Normal,40,0
2025-02-28 19:16:57,Normal,40,0
2025-02-28 19:16:57,Normal,40,0
2025-02-28 19:16:57,Normal,40,0
2025-02-28 19:16:57,Normal,40,0
2025-02-28 19:16:57,Normal,40,0
2025-02-28 19:16:57,Normal,40,0
2025-02-28 19:16:57,Normal,40,0
2025-02-28 19:16:57,Normal,40,0
2025-02-28 19:16:57,Normal,40,0
2025-02-28 19:16:57,Normal,40,0
2025-02-28 19:16:57,Normal,40,0
2025-02-28 19:16:57,Normal,40,0
2025-02-28 19:16:58,Normal,40,0
2025-02-28 19:16:58,Normal,40,0
2025-02-28 19:16:58,Normal,40,0
2025-02-28 19:16:58,Normal,40,0
2025-02-28 19:16:58,Normal,40,0
2025-02-28 19:16:58,Normal,40,0
2025-02-28 19:16:58,Normal,40,0
2025-02-28 19:16:58,Normal,40,0
2025-02-28 19:16:58,Normal,40,0
2025-02-28 19:16:58,Normal,40,0
2025-02-28 19:16:58,Normal,40,0
2025-02-28 19:16:58,Normal,40,0
2025-02-28 19:16:58,Normal,40,0
2025-02-28 19:16:58,Normal,40,0
2025-02-28 19:16:59,Normal,40,0
2025-02-28 19:16:59,Normal,40,0
2025-02-28 19:16:59,Normal,40,0
2025-02-28 19:16:59,Normal,40,0
2025-02-28 19:16:59,Normal,40,0
2025-02-28 19:16:59,Normal,40,0
2025-02-28 19:16:59,Normal,40,0
2025-02-28 19:16:59,Normal,40,0
2025-02-28 19:16:59,Normal,40,0
2025-02-28 19:16:59,Normal,40,0
2025-02-28 19:16:59,Normal,40,0
2025-02-28 19:16:59,Normal,40,0
2025-02-28 19:16:59,Normal,40,0
2025-02-28 19:16:59,Normal,40,0
2025-02-28 19:16:59,Normal,40,0
2025-02-28 19:17:00,Normal,40,0
2025-02-28 19:17:00,Normal,40,0
2025-02-28 19:17:00,Normal,40,0
2025-02-28 19:17:00,Normal,40,0
2025-02-28 19:17:00,Normal,40,0
2025-02-28 19:17:00,Normal,40,0
2025-02-28 19:17:00,Normal,40,0
2025-02-28 19:17:00,Normal,40,0
2025-02-28 19:17:00,Normal,40,0
2025-02-28 19:17:00,Normal,40,0
2025-02-28 19:17:00,Normal,40,0
2025-02-28 19:17:00,Normal,40,0
2025-02-28 19:17:00,Normal,40,0
2025-02-28 19:17:00,Normal,40,0
2025-02-28 19:17:00,Normal,40,0
2025-02-28 19:17:01,Normal,40,0
2025-02-28 19:17:01,Normal,40,0
2025-02-28 19:17:01,Normal,40,0
2025-02-28 19:17:01,Normal,40,0
2025-02-28 19:17:01,Normal,40,0
2025-02-28 19:17:01,Normal,40,0
2025-02-28 19:17:01,Normal,40,0
2025-02-28 19:17:01,Normal,40,0
2025-02-28 19:17:01,Normal,40,0
2025-02-28 19:17:01,Normal,40,0
2025-02-28 19:17:01,Normal,40,0
2025-02-28 19:17:01,Normal,40,0
2025-02-28 19:17:01,Normal,40,0
2025-02-28 19:17:01,Normal,40,0
2025-02-28 19:17:01,Normal,40,0
2025-02-28 19:17:02,Normal,40,0
2025-02-28 19:17:02,Normal,40,0
2025-02-28 19:17:02,Normal,40,0
2025-02-28 19:17:02,Normal,40,0
2025-02-28 19:17:02,Normal,40,0
2025-02-28 19:17:02,Normal,40,0
2025-02-28 19:17:02,Normal,40,0
2025-02-28 19:17:02,Normal,40,0
2025-02-28 19:17:02,Normal,40,0
2025-02-28 19:17:02,Normal,40,0
2025-02-28 19:17:02,Normal,40,0
2025-02-28 19:17:02,Normal,40,0
2025-02-28 19:17:02,Normal,40,0
2025-02-28 19:17:02,Normal,40,0
2025-02-28 19:17:02,Normal,40,0
2025-02-28 19:17:03,Normal,40,0
2025-02-28 19:17:03,Normal,40,0
2025-02-28 19:17:03,Normal,40,0
2025-02-28 19:17:03,Normal,40,0
2025-02-28 19:17:03,Normal,40,0
2025-02-28 19:17:03,Normal,40,0
2025-02-28 19:17:03,Normal,40,0
2025-02-28 19:17:03,Normal,40,0
2025-02-28 19:17:03,Normal,40,0
2025-02-28 19:17:03,Normal,40,0
2025-02-28 19:17:03,Normal,40,0
2025-02-28 19:17:03,Normal,40,0
2025-02-28 19:17:03,Normal,40,0
2025-02-28 19:17:03,Normal,40,0
2025-02-28 19:17:03,Normal,40,0
2025-02-28 19:17:04,Normal,40,0
2025-02-28 19:17:04,Normal,40,0
2025-02-28 19:17:04,Normal,0,0
2025-02-28 19:17:04,Normal,0,0
2025-02-28 19:17:04,Normal,0,0
2025-02-28 19:17:04,Normal,0,0
2025-02-28 19:17:04,Normal,0,0
2025-02-28 19:17:04,Normal,40,0
2025-02-28 19:17:04,Normal,40,0
2025-02-28 19:17:04,Normal,40,0
2025-02-28 19:17:04,Normal,40,0
2025-02-28 19:17:04,Normal,40,0
2025-02-28 19:17:04,Normal,40,0
2025-02-28 19:17:04,Normal,40,0
2025-02-28 19:17:05,Normal,40,0
2025-02-28 19:17:05,Normal,40,0
2025-02-28 19:17:05,Normal,0,0
2025-02-28 19:17:05,Normal,0,0
2025-02-28 19:17:05,Normal,40,0
2025-02-28 19:17:05,Normal,0,0
2025-02-28 19:17:05,Normal,0,0
2025-02-28 19:17:05,Normal,0,0
2025-02-28 19:17:05,Normal,0,0
2025-02-28 19:17:05,Normal,0,0
2025-02-28 19:17:05,Normal,40,0
2025-02-28 19:17:05,Normal,40,0
2025-02-28 19:17:05,Normal,0,0
2025-02-28 19:17:05,Normal,0,0
2025-02-28 19:17:06,Normal,0,0
2025-02-28 19:17:06,Normal,0,0
2025-02-28 19:17:06,Normal,0,0
2025-02-28 19:17:06,Normal,0,0
2025-02-28 19:17:06,Normal,0,0
2025-02-28 19:17:06,Normal,40,0
2025-02-28 19:17:06,Normal,0,0
2025-02-28 19:17:06,Normal,0,0
2025-02-28 19:17:06,Normal,0,0
2025-02-28 19:17:06,Normal,0,0
2025-02-28 19:17:06,Normal,0,0
2025-02-28 19:17:06,Normal,0,0
2025-02-28 19:17:06,Normal,0,0
2025-02-28 19:17:06,Normal,0,0
2025-02-28 19:17:06,Normal,0,0
2025-02-28 19:17:07,Normal,0,0
2025-02-28 19:17:07,Normal,0,0
2025-02-28 19:17:07,Normal,0,0
2025-02-28 19:17:07,Normal,0,0
2025-02-28 19:17:07,Normal,0,0
2025-02-28 19:17:07,Normal,0,0
2025-02-28 19:17:07,Normal,0,0
2025-02-28 19:17:07,Normal,0,0
2025-02-28 19:17:07,Normal,0,0
2025-02-28 19:17:07,Normal,40,0
2025-02-28 19:17:07,Normal,40,0
2025-02-28 19:17:07,Normal,0,0
2025-02-28 19:17:07,Normal,0,0
2025-02-28 19:17:07,Normal,0,0
2025-02-28 19:17:08,Normal,0,0
2025-02-28 19:17:08,Normal,0,0
2025-02-28 19:17:08,Normal,0,0
2025-02-28 19:17:08,Normal,0,0
2025-02-28 19:17:08,Normal,0,0
2025-02-28 19:17:08,Normal,0,0
2025-02-28 19:17:08,Normal,0,0
2025-02-28 19:17:08,Normal,0,0
2025-02-28 19:17:08,Normal,0,0
2025-02-28 19:17:08,Normal,0,0
2025-02-28 19:17:08,Normal,0,0
2025-02-28 19:17:08,Normal,0,0
2025-02-28 19:17:08,Normal,0,0
2025-02-28 19:17:08,Normal,0,0
2025-02-28 19:17:08,Normal,0,0
2025-02-28 19:17:09,Normal,0,0
2025-02-28 19:17:09,Normal,0,0
2025-02-28 19:17:09,Normal,0,0
2025-02-28 19:17:09,Normal,0,0
2025-02-28 19:17:09,Normal,0,0
2025-02-28 19:17:09,Normal,0,0
2025-02-28 19:17:09,Normal,0,0
2025-02-28 19:17:09,Normal,0,0
2025-02-28 19:17:09,Normal,0,0
2025-02-28 19:17:09,Normal,0,0
2025-02-28 19:17:09,Normal,0,0
2025-02-28 19:17:09,Normal,0,0
2025-02-28 19:17:09,Normal,0,0
2025-02-28 19:17:09,Normal,0,0
2025-02-28 19:17:09,Normal,0,0
2025-02-28 19:17:10,Normal,0,0
2025-02-28 19:17:10,Normal,0,0
2025-02-28 19:17:10,Normal,0,0
2025-02-28 19:17:10,Normal,0,0
2025-02-28 19:17:10,Normal,0,0
2025-02-28 19:17:10,Normal,0,0
2025-02-28 19:17:10,Normal,0,0
2025-02-28 19:17:10,Normal,0,0
2025-02-28 19:17:10,Normal,0,0
2025-02-28 19:17:10,Normal,0,0
2025-02-28 19:17:10,Normal,0,0
2025-02-28 19:17:10,Normal,0,0
2025-02-28 19:17:10,Normal,0,0
2025-02-28 19:17:10,Normal,0,0
2025-02-28 19:17:10,Normal,0,0
2025-02-28 19:17:11,Normal,0,0
2025-02-28 19:17:11,Normal,0,0
2025-02-28 19:17:11,Normal,0,0
2025-02-28 19:17:11,Normal,0,0
2025-02-28 19:17:11,Normal,0,0
2025-02-28 19:17:11,Normal,0,0
2025-02-28 19:17:11,Normal,0,0
2025-02-28 19:17:11,Normal,0,0
2025-02-28 19:17:11,Normal,0,0
2025-02-28 19:17:11,Normal,30,0
2025-02-28 19:17:11,Normal,30,0
2025-02-28 19:17:11,Normal,30,0
2025-02-28 19:17:11,Normal,30,0
2025-02-28 19:17:11,Normal,0,0
2025-02-28 19:17:11,Normal,0,0
2025-02-28 19:17:12,Normal,0,0
2025-02-28 19:17:12,Normal,0,0
2025-02-28 19:17:12,Normal,0,0
2025-02-28 19:17:12,Normal,0,0
2025-02-28 19:17:12,Normal,0,0
2025-02-28 19:17:12,Normal,0,0
2025-02-28 19:17:12,Normal,0,0
2025-02-28 19:17:12,Normal,40,0
2025-02-28 19:17:12,Normal,40,0
2025-02-28 19:17:12,Normal,40,0
2025-02-28 19:17:12,Normal,40,0
2025-02-28 19:17:12,Normal,40,0
2025-02-28 19:17:12,Normal,40,0
2025-02-28 19:17:12,Normal,0,0
2025-02-28 19:17:13,Normal,40,0
2025-02-28 19:17:13,Normal,40,0
2025-02-28 19:17:13,Normal,40,0
2025-02-28 19:17:13,Normal,40,0
2025-02-28 19:17:13,Normal,40,0
2025-02-28 19:17:13,Normal,40,0
2025-02-28 19:17:13,Normal,40,0
2025-02-28 19:17:13,Warning,70,0
2025-02-28 19:17:13,Normal,40,0
2025-02-28 19:17:13,Warning,70,0
2025-02-28 19:17:13,Warning,70,0
2025-02-28 19:17:13,Normal,40,0
2025-02-28 19:17:13,Normal,40,0
2025-02-28 19:17:13,Normal,40,0
2025-02-28 19:17:13,Normal,40,0
2025-02-28 19:17:14,Normal,40,0
2025-02-28 19:17:14,Normal,40,0
2025-02-28 19:17:14,Normal,40,0
2025-02-28 19:17:14,Normal,40,0
2025-02-28 19:17:14,Warning,70,0
2025-02-28 19:17:14,Normal,40,0
2025-02-28 19:17:14,Normal,40,0
2025-02-28 19:17:14,Normal,40,0
2025-02-28 19:17:14,Normal,40,0
2025-02-28 19:17:14,Normal,40,0
2025-02-28 19:17:14,Normal,40,0
2025-02-28 19:17:14,Normal,40,0
2025-02-28 19:17:14,Normal,40,0
2025-02-28 19:17:14,Normal,40,0
2025-02-28 19:17:15,Normal,40,0
2025-02-28 19:17:15,Normal,40,0
2025-02-28 19:17:15,Normal,40,0
2025-02-28 19:17:15,Normal,40,0
2025-02-28 19:17:15,Normal,40,0
2025-02-28 19:17:15,Normal,40,0
2025-02-28 19:17:15,Normal,40,0
2025-02-28 19:17:15,Normal,40,0
2025-02-28 19:17:15,Normal,40,0
2025-02-28 19:17:15,Normal,40,0
2025-02-28 19:17:15,Normal,40,0
2025-02-28 19:17:15,Normal,40,0
2025-02-28 19:17:15,Normal,40,0
2025-02-28 19:17:15,Normal,40,0
2025-02-28 19:17:15,Normal,40,0
2025-02-28 19:17:16,Normal,40,0
2025-02-28 19:17:16,Normal,40,0
2025-02-28 19:17:16,Normal,40,0
2025-02-28 19:17:16,Normal,40,0
2025-02-28 19:17:16,Normal,40,0
2025-02-28 19:17:16,Normal,0,0
2025-02-28 19:17:16,Normal,40,0
2025-02-28 19:17:16,Normal,40,0
2025-02-28 19:17:16,Normal,40,0
2025-02-28 19:17:16,Normal,40,0
2025-02-28 19:17:16,Normal,40,0
2025-02-28 19:17:16,Normal,40,0
2025-02-28 19:17:16,Normal,40,0
2025-02-28 19:17:16,Normal,40,0
2025-02-28 19:17:16,Normal,40,0
2025-02-28 19:17:17,Normal,40,0
2025-02-28 19:17:17,Normal,40,0
2025-02-28 19:17:17,Normal,40,0
2025-02-28 19:17:17,Normal,40,0
2025-02-28 19:17:17,Normal,40,0
2025-02-28 19:17:17,Normal,40,0
2025-02-28 19:17:17,Normal,40,0
2025-02-28 19:17:17,Normal,40,0
2025-02-28 19:17:17,Normal,40,0
2025-02-28 19:17:17,Normal,40,0
2025-02-28 19:17:17,Normal,40,0
2025-02-28 19:17:17,Normal,40,0
2025-02-28 19:17:17,Normal,0,0
2025-02-28 19:17:17,Normal,0,0
2025-02-28 19:17:18,Normal,0,0
2025-02-28 19:17:18,Normal,0,0
2025-02-28 19:17:18,Normal,0,0
2025-02-28 19:17:18,Normal,0,0
2025-02-28 19:17:18,Normal,0,0
2025-02-28 19:17:18,Normal,0,0
2025-02-28 19:17:18,Normal,0,0
2025-02-28 19:17:18,Normal,0,0
2025-02-28 19:17:18,Normal,40,0
2025-02-28 19:17:18,Normal,0,0
2025-02-28 19:17:18,Normal,0,0
2025-02-28 19:17:18,Normal,0,0
2025-02-28 19:17:18,Normal,0,0
2025-02-28 19:17:18,Normal,0,0
2025-02-28 19:17:19,Normal,0,0
2025-02-28 19:17:19,Normal,0,0
2025-02-28 19:17:19,Normal,0,0
2025-02-28 19:17:19,Normal,0,0
2025-02-28 19:17:19,Normal,0,0
2025-02-28 19:17:19,Normal,0,0
2025-02-28 19:17:19,Normal,40,0
2025-02-28 19:17:19,Normal,40,0
2025-02-28 19:17:19,Normal,40,0
2025-02-28 19:17:19,Normal,40,0
2025-02-28 19:17:19,Normal,40,0
2025-02-28 19:17:19,Normal,40,0
2025-02-28 19:17:19,Normal,40,0
2025-02-28 19:17:19,Normal,40,0
2025-02-28 19:17:19,Normal,40,0
2025-02-28 19:17:20,Normal,40,0
2025-02-28 19:17:20,Normal,40,0
2025-02-28 19:17:20,Normal,40,0
2025-02-28 19:17:20,Normal,40,0
2025-02-28 19:17:20,Normal,40,0
2025-02-28 19:17:20,Normal,40,0
2025-02-28 19:17:20,Normal,40,0
2025-02-28 19:17:20,Normal,40,0
2025-02-28 19:17:20,Normal,40,0
2025-02-28 19:17:20,Normal,40,0
2025-02-28 19:17:20,Normal,40,0
2025-02-28 19:17:20,Normal,40,0
2025-02-28 19:17:20,Normal,40,0
2025-02-28 19:17:20,Normal,40,0
2025-02-28 19:17:21,Normal,40,0
2025-02-28 19:17:21,Normal,40,0
2025-02-28 19:17:21,Normal,40,0
2025-02-28 19:17:21,Normal,40,0
2025-02-28 19:17:21,Normal,40,0
2025-02-28 19:17:21,Normal,40,0
2025-02-28 19:17:21,Normal,40,0
2025-02-28 19:17:21,Normal,40,0
2025-02-28 19:17:21,Normal,40,0
2025-02-28 19:17:21,Normal,40,0
2025-02-28 19:17:21,Normal,40,0
2025-02-28 19:17:21,Normal,40,0
2025-02-28 19:17:21,Normal,40,0
2025-02-28 19:17:21,Normal,40,0
2025-02-28 19:17:22,Normal,40,0
2025-02-28 19:17:22,Normal,40,0
2025-02-28 19:17:22,Normal,40,0
2025-02-28 19:17:22,Normal,40,0
2025-02-28 19:17:22,Normal,40,0
2025-02-28 19:17:22,Normal,40,0
2025-02-28 19:17:22,Normal,40,0
2025-02-28 19:17:22,Normal,40,0
2025-02-28 19:17:22,Normal,40,0
2025-02-28 19:17:22,Normal,40,0
2025-02-28 19:17:22,Normal,40,0
2025-02-28 19:17:22,Normal,40,0
2025-02-28 19:17:22,Normal,40,0
2025-02-28 19:17:22,Normal,40,0
2025-02-28 19:17:22,Normal,0,0
2025-02-28 19:17:23,Normal,40,0
2025-02-28 19:17:23,Normal,40,0
2025-02-28 19:17:23,Normal,40,0
2025-02-28 19:17:23,Normal,40,0
2025-02-28 19:17:23,Normal,40,0
2025-02-28 19:17:23,Normal,40,0
2025-02-28 19:17:23,Normal,40,0
2025-02-28 19:17:23,Normal,40,0
2025-02-28 19:17:23,Normal,40,0
2025-02-28 19:17:23,Normal,40,0
2025-02-28 19:17:23,Normal,40,0
2025-02-28 19:17:23,Normal,40,0
2025-02-28 19:17:23,Normal,0,0
2025-02-28 19:17:23,Normal,40,0
2025-02-28 19:17:24,Normal,40,0
2025-02-28 19:17:24,Normal,40,0
2025-02-28 19:17:24,Normal,40,0
2025-02-28 19:17:24,Normal,40,0
2025-02-28 19:17:24,Normal,40,0
2025-02-28 19:17:24,Normal,40,0
2025-02-28 19:17:24,Normal,40,0
2025-02-28 19:17:24,Normal,40,0
2025-02-28 19:17:24,Normal,40,0
2025-02-28 19:17:24,Normal,40,0
2025-02-28 19:17:24,Normal,40,0
2025-02-28 19:17:24,Normal,40,0
2025-02-28 19:17:24,Normal,40,0
2025-02-28 19:17:24,Normal,40,0
2025-02-28 19:17:24,Normal,40,0
2025-02-28 19:17:25,Normal,40,0
2025-02-28 19:17:25,Normal,40,0
2025-02-28 19:17:25,Normal,40,0
2025-02-28 19:17:25,Normal,40,0
2025-02-28 19:17:25,Normal,40,0
2025-02-28 19:17:25,Normal,40,0
2025-02-28 19:17:25,Normal,40,0
2025-02-28 19:17:25,Normal,40,0
2025-02-28 19:17:25,Normal,40,0
2025-02-28 19:17:25,Normal,40,0
2025-02-28 19:17:25,Normal,40,0
2025-02-28 19:17:25,Normal,40,0
2025-02-28 19:17:25,Normal,40,0
2025-02-28 19:17:25,Normal,40,0
2025-02-28 19:17:26,Normal,40,0
2025-02-28 19:17:26,Normal,40,0
2025-02-28 19:17:26,Normal,40,0
2025-02-28 19:17:26,Normal,40,0
2025-02-28 19:17:26,Normal,40,0
2025-02-28 19:17:26,Normal,40,0
2025-02-28 19:17:26,Normal,40,0
2025-02-28 19:17:26,Normal,40,0
2025-02-28 19:17:26,Normal,40,0
2025-02-28 19:17:26,Normal,40,0
2025-02-28 19:17:26,Normal,40,0
2025-02-28 19:17:26,Normal,40,0
2025-02-28 19:17:26,Normal,40,0
2025-02-28 19:17:26,Normal,40,0
2025-02-28 19:17:26,Normal,40,0
2025-02-28 19:17:27,Normal,40,0
2025-02-28 19:17:27,Normal,40,0
2025-02-28 19:17:27,Normal,40,0
2025-02-28 19:17:27,Normal,40,0
2025-02-28 19:17:27,Normal,40,0
2025-02-28 19:17:27,Normal,40,0
2025-02-28 19:17:27,Normal,40,0
2025-02-28 19:17:27,Normal,0,0
2025-02-28 19:17:27,Normal,0,0
2025-02-28 19:17:27,Normal,0,0
2025-02-28 19:17:27,Normal,0,0
2025-02-28 19:17:27,Normal,0,0
2025-02-28 19:17:27,Normal,0,0
2025-02-28 19:17:27,Normal,0,0
2025-02-28 19:17:28,Normal,0,0
2025-02-28 19:17:28,Normal,0,0
2025-02-28 19:17:28,Normal,0,0
2025-02-28 19:17:28,Normal,0,0
2025-02-28 19:17:28,Normal,0,0
2025-02-28 19:17:28,Normal,0,0
2025-02-28 19:17:28,Normal,0,0
2025-02-28 19:17:28,Normal,0,0
2025-02-28 19:17:28,Normal,0,0
2025-02-28 19:17:28,Normal,0,0
2025-02-28 19:17:28,Normal,40,0
2025-02-28 19:17:28,Normal,0,0
2025-02-28 19:17:28,Normal,0,0
2025-02-28 19:17:28,Warning,70,0
2025-02-28 19:17:28,Warning,70,0
2025-02-28 19:17:29,Warning,70,0
2025-02-28 19:17:29,Normal,40,0
2025-02-28 19:17:29,Normal,40,0
2025-02-28 19:17:29,Normal,40,0
2025-02-28 19:17:29,Warning,70,0
2025-02-28 19:17:29,Warning,70,0
2025-02-28 19:17:29,Warning,70,0
2025-02-28 19:17:29,Normal,0,0
2025-02-28 19:17:29,Normal,40,0
2025-02-28 19:17:29,Warning,70,0
2025-02-28 19:17:29,Warning,70,0
2025-02-28 19:17:29,Normal,40,0
2025-02-28 19:17:29,Normal,40,0
2025-02-28 19:17:29,Warning,70,0
2025-02-28 19:17:30,Normal,0,0
2025-02-28 19:17:30,Warning,70,0
2025-02-28 19:17:30,Warning,70,0
2025-02-28 19:17:30,Warning,70,0
2025-02-28 19:17:30,Warning,70,0
2025-02-28 19:17:30,Warning,70,0
2025-02-28 19:17:30,Warning,70,0
2025-02-28 19:17:30,Normal,40,0
2025-02-28 19:17:30,Warning,70,0
2025-02-28 19:17:30,Warning,70,0
2025-02-28 19:17:30,Warning,70,0
2025-02-28 19:17:30,Warning,70,0
2025-02-28 19:17:30,Warning,70,0
2025-02-28 19:17:30,Warning,70,0
2025-02-28 19:17:31,Normal,40,0
2025-02-28 19:17:31,Normal,40,0
2025-02-28 19:17:31,Normal,40,0
2025-02-28 19:17:31,Warning,70,0
2025-02-28 19:17:31,Warning,70,0
2025-02-28 19:17:31,Normal,40,0
2025-02-28 19:17:31,Warning,70,0
2025-02-28 19:17:31,Warning,70,0
2025-02-28 19:17:31,Normal,40,0
2025-02-28 19:17:31,Warning,70,0
2025-02-28 19:17:31,Warning,70,0
2025-02-28 19:17:31,Warning,70,0
2025-02-28 19:17:31,Normal,30,0
2025-02-28 19:17:31,Normal,0,0
2025-02-28 19:17:31,Normal,0,0
2025-02-28 19:17:32,Normal,0,0
2025-02-28 19:17:32,Normal,0,0
2025-02-28 19:17:32,Normal,0,0
2025-02-28 19:17:32,Normal,0,0
2025-02-28 19:17:32,Normal,0,0
2025-02-28 19:17:32,Normal,0,0
2025-02-28 19:17:32,Normal,0,0
2025-02-28 19:17:32,Normal,0,0
2025-02-28 19:17:32,Normal,0,0
2025-02-28 19:17:32,Normal,0,0
2025-02-28 19:17:32,Normal,0,0
2025-02-28 19:17:32,Normal,0,0
2025-02-28 19:17:32,Normal,0,0
2025-02-28 19:17:32,Normal,0,0
2025-02-28 19:17:33,Normal,0,0
2025-02-28 19:17:33,Normal,0,0
2025-02-28 19:17:33,Normal,0,0
2025-02-28 19:17:33,Normal,0,0
2025-02-28 19:17:33,Normal,0,0
2025-02-28 19:17:33,Normal,0,0
2025-02-28 19:17:33,Normal,0,0
2025-02-28 19:17:33,Normal,0,0
2025-02-28 19:17:33,Normal,0,0
2025-02-28 19:17:33,Normal,0,0
2025-02-28 19:17:33,Normal,0,0
2025-02-28 19:17:33,Normal,0,0
2025-02-28 19:17:33,Normal,0,0
2025-02-28 19:17:33,Normal,0,0
2025-02-28 19:17:34,Normal,0,0
2025-02-28 19:17:34,Normal,0,0
2025-02-28 19:17:34,Normal,0,0
2025-02-28 19:17:34,Normal,0,0
2025-02-28 19:17:34,Normal,0,0
2025-02-28 19:17:34,Normal,0,0
2025-02-28 19:17:34,Normal,0,0
2025-02-28 19:17:34,Normal,0,0
2025-02-28 19:17:34,Normal,0,0
2025-02-28 19:17:34,Normal,0,0
2025-02-28 19:17:34,Normal,0,0
2025-02-28 19:17:34,Normal,0,0
2025-02-28 19:17:34,Normal,0,0
2025-02-28 19:17:34,Normal,0,0
2025-02-28 19:17:35,Normal,0,0
2025-02-28 19:17:35,Normal,0,0
2025-02-28 19:17:35,Normal,0,0
2025-02-28 19:17:35,Normal,0,0
2025-02-28 19:17:35,Normal,0,0
2025-02-28 19:17:35,Normal,0,0
2025-02-28 19:17:35,Normal,0,0
2025-02-28 19:17:35,Normal,0,0
2025-02-28 19:17:35,Normal,0,0
2025-02-28 19:17:35,Normal,0,0
2025-02-28 19:17:35,Normal,0,0
2025-02-28 19:17:35,Normal,0,0
2025-02-28 19:17:35,Normal,0,0
2025-02-28 19:17:35,Normal,0,0
2025-02-28 19:17:35,Normal,0,0
2025-02-28 19:17:36,Normal,0,0
2025-02-28 19:17:36,Normal,0,0
2025-02-28 19:17:36,Normal,0,0
2025-02-28 19:17:36,Normal,0,0
2025-02-28 19:17:36,Normal,0,0
2025-02-28 19:17:36,Normal,0,0
2025-02-28 19:17:36,Normal,0,0
2025-02-28 19:17:36,Normal,0,0
2025-02-28 19:17:36,Normal,0,0
2025-02-28 19:17:36,Normal,0,0
2025-02-28 19:17:36,Normal,0,0
2025-02-28 19:17:36,Normal,0,0
2025-02-28 19:17:36,Normal,0,0
2025-02-28 19:17:36,Normal,0,0
2025-02-28 19:17:37,Normal,0,0
2025-02-28 19:17:37,Normal,0,0
2025-02-28 19:17:37,Normal,0,0
2025-02-28 19:17:37,Normal,0,0
2025-02-28 19:17:37,Normal,0,0
2025-02-28 19:17:37,Normal,0,0
2025-02-28 19:17:37,Normal,0,0
2025-02-28 19:17:37,Normal,0,0
2025-02-28 19:17:37,Normal,0,0
2025-02-28 19:17:37,Normal,0,0
2025-02-28 19:17:37,Normal,0,0
2025-02-28 19:17:37,Normal,0,0
2025-02-28 19:17:37,Normal,40,0
2025-02-28 19:17:37,Normal,40,0
2025-02-28 19:17:38,Normal,40,0
2025-02-28 19:17:38,Normal,40,0
2025-02-28 19:17:38,Normal,40,0
2025-02-28 19:17:38,Normal,40,0
2025-02-28 19:17:38,Normal,40,0
2025-02-28 19:17:38,Normal,40,0
2025-02-28 19:17:38,Normal,40,0
2025-02-28 19:17:38,Normal,40,0
2025-02-28 19:17:38,Normal,40,0
2025-02-28 19:17:38,Normal,40,0
2025-02-28 19:17:38,Normal,40,0
2025-02-28 19:17:38,Normal,40,0
2025-02-28 19:17:38,Normal,40,0
2025-02-28 19:17:38,Normal,40,0
2025-02-28 19:17:38,Normal,40,0
2025-02-28 19:17:39,Normal,40,0
2025-02-28 19:17:39,Normal,40,0
2025-02-28 19:17:39,Normal,40,0
2025-02-28 19:17:39,Normal,40,0
2025-02-28 19:17:39,Normal,40,0
2025-02-28 19:17:39,Normal,40,0
2025-02-28 19:17:39,Normal,40,0
2025-02-28 19:17:39,Normal,40,0
2025-02-28 19:17:39,Normal,40,0
2025-02-28 19:17:39,Normal,40,0
2025-02-28 19:17:39,Normal,40,0
2025-02-28 19:17:39,Normal,40,0
2025-02-28 19:17:39,Normal,40,0
2025-02-28 19:17:39,Normal,40,0
2025-02-28 19:17:40,Normal,40,0
2025-02-28 19:17:40,Normal,40,0
2025-02-28 19:17:40,Normal,40,0
2025-02-28 19:17:40,Normal,40,0
2025-02-28 19:17:40,Normal,40,0
2025-02-28 19:17:40,Normal,40,0
2025-02-28 19:17:40,Normal,40,0
2025-02-28 19:17:40,Normal,40,0
2025-02-28 19:17:40,Normal,40,0
2025-02-28 19:17:40,Normal,40,0
2025-02-28 19:17:40,Normal,40,0
2025-02-28 19:17:40,Warning,70,0
2025-02-28 19:17:40,Warning,70,0
2025-02-28 19:17:40,Warning,70,0
2025-02-28 19:17:41,Warning,70,0
2025-02-28 19:17:41,Warning,70,0
2025-02-28 19:17:41,Warning,70,0
2025-02-28 19:17:41,Warning,70,0
2025-02-28 19:17:41,Warning,70,0
2025-02-28 19:17:41,Warning,70,0
2025-02-28 19:17:41,Warning,70,0
2025-02-28 19:17:41,Warning,70,0
2025-02-28 19:17:41,Warning,70,0
2025-02-28 19:17:41,Warning,70,0
2025-02-28 19:17:41,Warning,70,0
2025-02-28 19:17:41,Warning,70,0
2025-02-28 19:17:41,Warning,70,0
2025-02-28 19:17:41,Warning,70,0
2025-02-28 19:17:41,Warning,70,0
2025-02-28 19:17:42,Warning,70,0
2025-02-28 19:17:42,Warning,70,0
2025-02-28 19:17:42,Warning,70,0
2025-02-28 19:17:42,Warning,70,0
2025-02-28 19:17:42,Warning,70,0
2025-02-28 19:17:42,Warning,70,0
2025-02-28 19:17:42,Warning,70,0
2025-02-28 19:17:42,Warning,70,0
2025-02-28 19:17:42,Warning,70,0
2025-02-28 19:17:42,Warning,70,0
2025-02-28 19:17:42,Warning,70,0
2025-02-28 19:17:42,Warning,70,0
2025-02-28 19:17:42,Normal,30,0
2025-02-28 19:17:42,Normal,30,0
2025-02-28 19:17:43,Normal,30,0
2025-02-28 19:17:43,Normal,30,0
2025-02-28 19:17:43,Normal,30,0
2025-02-28 19:17:43,Normal,0,0
2025-02-28 19:17:43,Normal,0,0
2025-02-28 19:17:43,Normal,0,0
2025-02-28 19:17:43,Normal,0,0
2025-02-28 19:17:43,Normal,0,0
2025-02-28 19:17:43,Normal,0,0
2025-02-28 19:17:43,Normal,0,0
2025-02-28 19:17:43,Normal,0,0
2025-02-28 19:17:43,Normal,0,0
2025-02-28 19:17:43,Normal,0,0
2025-02-28 19:17:43,Normal,0,0
2025-02-28 19:17:44,Normal,0,0
2025-02-28 19:17:44,Normal,0,0
2025-02-28 19:17:44,Normal,0,0
2025-02-28 19:17:44,Warning,70,0
2025-02-28 19:17:44,Normal,40,0
2025-02-28 19:17:44,Normal,40,0
2025-02-28 19:17:44,Warning,70,0
2025-02-28 19:17:44,Warning,70,0
2025-02-28 19:17:44,Warning,70,0
2025-02-28 19:17:44,Warning,70,0
2025-02-28 19:17:44,Warning,70,0
2025-02-28 19:17:44,Warning,70,0
2025-02-28 19:17:44,Warning,70,0
2025-02-28 19:17:44,Warning,70,0
2025-02-28 19:17:44,Warning,70,0
2025-02-28 19:17:45,Warning,70,0
2025-02-28 19:17:45,Warning,70,0
2025-02-28 19:17:45,Warning,70,0
2025-02-28 19:17:45,Warning,70,0
2025-02-28 19:17:45,Warning,70,0
2025-02-28 19:17:45,Warning,70,0
2025-02-28 19:17:45,Warning,70,0
2025-02-28 19:17:45,Warning,70,0
2025-02-28 19:17:45,Warning,70,0
2025-02-28 19:17:45,Warning,70,0
2025-02-28 19:17:45,Warning,70,0
2025-02-28 19:17:45,Warning,70,0
2025-02-28 19:17:45,Warning,70,0
2025-02-28 19:17:45,Warning,70,0
2025-02-28 19:17:46,Warning,70,0
2025-02-28 19:17:46,Warning,70,0
2025-02-28 19:17:46,Warning,70,0
2025-02-28 19:17:46,Warning,70,0
2025-02-28 19:17:46,Warning,70,0
2025-02-28 19:17:46,Warning,70,0
2025-02-28 19:17:46,Warning,70,0
2025-02-28 19:17:46,Warning,70,0
2025-02-28 19:17:46,Warning,70,0
2025-02-28 19:17:46,Warning,70,0
2025-02-28 19:17:46,Warning,70,0
2025-02-28 19:17:46,Warning,70,0
2025-02-28 19:17:46,Warning,70,0
2025-02-28 19:17:46,Warning,70,0
2025-02-28 19:17:47,Warning,70,0
2025-02-28 19:17:47,Warning,70,0
2025-02-28 19:17:47,Warning,70,0
2025-02-28 19:17:47,Warning,70,0
2025-02-28 19:17:47,Warning,70,0
2025-02-28 19:17:47,Warning,70,0
2025-02-28 19:17:47,Warning,70,0
2025-02-28 19:17:47,Warning,70,0
2025-02-28 19:17:47,Warning,70,0
2025-02-28 19:17:47,Warning,70,0
2025-02-28 19:17:47,Warning,70,0
2025-02-28 19:17:47,Warning,70,0
2025-02-28 19:17:47,Warning,70,0
2025-02-28 19:17:47,Warning,70,0
2025-02-28 19:17:47,Warning,70,0
2025-02-28 19:17:48,Warning,70,0
2025-02-28 19:17:48,Warning,70,0
2025-02-28 19:17:48,Warning,70,0
2025-02-28 19:17:48,Warning,70,0
2025-02-28 19:17:48,Warning,70,0
2025-02-28 19:17:48,Warning,70,0
2025-02-28 19:17:48,Warning,70,0
2025-02-28 19:17:48,Warning,70,0
2025-02-28 19:17:48,Warning,70,0
2025-02-28 19:17:48,Warning,70,0
2025-02-28 19:17:48,Warning,70,0
2025-02-28 19:17:48,Warning,70,0
2025-02-28 19:17:48,Warning,70,0
2025-02-28 19:17:48,Warning,70,0
2025-02-28 19:17:49,Normal,30,0
2025-02-28 19:17:49,Warning,70,0
2025-02-28 19:17:49,Warning,70,0
2025-02-28 19:17:49,Warning,70,0
2025-02-28 19:17:49,Warning,70,0
2025-02-28 19:17:49,Warning,70,0
2025-02-28 19:17:49,Warning,70,0
2025-02-28 19:17:49,Warning,70,0
2025-02-28 19:17:49,Normal,30,0
2025-02-28 19:17:49,Normal,30,0
2025-02-28 19:17:49,Warning,70,0
2025-02-28 19:17:49,Normal,30,0
2025-02-28 19:17:49,Normal,30,0
2025-02-28 19:17:49,Normal,30,0
2025-02-28 19:17:49,Warning,70,0
2025-02-28 19:17:50,Warning,70,0
2025-02-28 19:17:50,Normal,30,0
2025-02-28 19:17:50,Normal,30,0
2025-02-28 19:17:50,Normal,30,0
2025-02-28 19:17:50,Warning,70,0
2025-02-28 19:17:50,Normal,30,0
2025-02-28 19:17:50,Normal,30,0
2025-02-28 19:17:50,Normal,30,0
2025-02-28 19:17:50,Normal,30,0
2025-02-28 19:17:50,Normal,30,0
2025-02-28 19:17:50,Warning,70,0
2025-02-28 19:17:50,Normal,30,0
2025-02-28 19:17:50,Normal,30,0
2025-02-28 19:17:50,Normal,30,0
2025-02-28 19:17:51,Warning,70,0
2025-02-28 19:17:51,Normal,30,0
2025-02-28 19:17:51,Normal,30,0
2025-02-28 19:17:51,Normal,30,0
2025-02-28 19:17:51,Normal,30,0
2025-02-28 19:17:51,Normal,30,0
2025-02-28 19:17:51,Normal,30,0
2025-02-28 19:17:51,Normal,30,0
2025-02-28 19:17:51,Normal,30,0
2025-02-28 19:17:51,Normal,30,0
2025-02-28 19:17:51,Normal,30,0
2025-02-28 19:17:51,Normal,30,0
2025-02-28 19:17:51,Normal,30,0
2025-02-28 19:17:51,Normal,30,0
2025-02-28 19:17:52,Normal,30,0
2025-02-28 19:17:52,Normal,30,0
2025-02-28 19:17:52,Normal,30,0
2025-02-28 19:17:52,Normal,30,0
2025-02-28 19:17:52,Normal,30,0
2025-02-28 19:17:52,Normal,30,0
2025-02-28 19:17:52,Normal,30,0
2025-02-28 19:17:52,Normal,30,0
2025-02-28 19:17:52,Normal,30,0
2025-02-28 19:17:52,Normal,30,0
2025-02-28 19:17:52,Normal,30,0
2025-02-28 19:17:52,Normal,30,0
2025-02-28 19:17:52,Normal,30,0
2025-02-28 19:17:52,Warning,70,0
2025-02-28 19:17:52,Warning,70,0
2025-02-28 19:17:53,Normal,30,0
2025-02-28 19:17:53,Normal,30,0
2025-02-28 19:17:53,Warning,70,0
2025-02-28 19:17:53,Normal,30,0
2025-02-28 19:17:53,Warning,70,0
2025-02-28 19:17:53,Normal,30,0
2025-02-28 19:17:53,Warning,70,0
2025-02-28 19:17:53,Warning,70,0
2025-02-28 19:17:53,Normal,30,0
2025-02-28 19:17:53,Normal,30,0
2025-02-28 19:17:53,Normal,30,0
2025-02-28 19:17:53,Warning,70,0
2025-02-28 19:17:53,Warning,70,0
2025-02-28 19:17:53,Normal,30,0
2025-02-28 19:17:54,Warning,70,0
2025-02-28 19:17:54,Warning,70,0
2025-02-28 19:17:54,Warning,70,0
2025-02-28 19:17:54,Warning,70,0
2025-02-28 19:17:54,Warning,70,0
2025-02-28 19:17:54,Warning,70,0
2025-02-28 19:17:54,Warning,70,0
2025-02-28 19:17:54,Normal,30,0
2025-02-28 19:17:54,Warning,70,0
2025-02-28 19:17:54,Normal,30,0
2025-02-28 19:17:54,Normal,30,0
2025-02-28 19:17:54,Normal,30,0
2025-02-28 19:17:54,Normal,30,0
2025-02-28 19:17:54,Normal,30,0
2025-02-28 19:17:55,Warning,70,0
2025-02-28 19:17:55,Warning,70,0
2025-02-28 19:17:55,Warning,70,0
2025-02-28 19:17:55,Warning,70,0
2025-02-28 19:17:55,Warning,70,0
2025-02-28 19:17:55,Warning,70,0
2025-02-28 19:17:55,Warning,70,0
2025-02-28 19:17:55,Warning,70,0
2025-02-28 19:17:55,Warning,70,0
2025-02-28 19:17:55,Warning,70,0
2025-02-28 19:17:55,Normal,30,0
2025-02-28 19:17:55,Warning,70,0
2025-02-28 19:17:55,Warning,70,0
2025-02-28 19:17:55,Normal,0,0
2025-02-28 19:17:56,Normal,0,0
2025-02-28 19:17:56,Normal,0,0
2025-02-28 19:17:56,Normal,0,0
2025-02-28 19:17:56,Normal,0,0
2025-02-28 19:17:56,Normal,0,0
2025-02-28 19:17:56,Normal,0,0
2025-02-28 19:17:56,Normal,0,0
2025-02-28 19:17:56,Normal,0,0
2025-02-28 19:17:56,Normal,0,0
2025-02-28 19:17:56,Normal,0,0
2025-02-28 19:17:56,Normal,0,0
2025-02-28 19:17:56,Normal,0,0
2025-02-28 19:17:56,Normal,0,0
2025-02-28 19:17:56,Normal,0,0
2025-02-28 19:17:56,Normal,0,0
2025-02-28 19:17:57,Normal,0,0
2025-02-28 19:17:57,Normal,0,0
2025-02-28 19:17:57,Normal,0,0
2025-02-28 19:17:57,Normal,0,0
2025-02-28 19:17:57,Normal,0,0
2025-02-28 19:17:57,Normal,0,0
2025-02-28 19:17:57,Normal,0,0
2025-02-28 19:17:57,Normal,0,0
2025-02-28 19:17:57,Normal,0,0
2025-02-28 19:17:57,Normal,0,0
2025-02-28 19:17:57,Normal,0,0
2025-02-28 19:17:57,Normal,0,0
2025-02-28 19:17:57,Normal,0,0
2025-02-28 19:17:57,Normal,40,0
2025-02-28 19:17:58,Normal,40,0
2025-02-28 19:17:58,Normal,40,0
2025-02-28 19:17:58,Normal,40,0
2025-02-28 19:17:58,Normal,40,0
2025-02-28 19:17:58,Normal,40,0
2025-02-28 19:17:58,Normal,40,0
2025-02-28 19:17:58,Normal,40,0
2025-02-28 19:17:58,Normal,40,0
2025-02-28 19:17:58,Normal,40,0
2025-02-28 19:17:58,Normal,40,0
2025-02-28 19:17:58,Normal,40,0
2025-02-28 19:17:58,Normal,40,0
2025-02-28 19:17:58,Normal,40,0
2025-02-28 19:17:58,Normal,40,0
2025-02-28 19:17:58,Normal,40,0
2025-02-28 19:17:59,Normal,40,0
2025-02-28 19:17:59,Normal,40,0
2025-02-28 19:17:59,Normal,40,0
2025-02-28 19:17:59,Normal,40,0
2025-02-28 19:17:59,Normal,40,0
2025-02-28 19:17:59,Normal,40,0
2025-02-28 19:17:59,Normal,40,0
2025-02-28 19:17:59,Normal,40,0
2025-02-28 19:17:59,Normal,40,0
2025-02-28 19:17:59,Normal,40,0
2025-02-28 19:17:59,Normal,40,0
2025-02-28 19:17:59,Normal,40,0
2025-02-28 19:17:59,Normal,40,0
2025-02-28 19:18:00,Normal,40,0
2025-02-28 19:18:00,Normal,40,0
2025-02-28 19:18:00,Normal,40,0
2025-02-28 19:18:00,Normal,40,0
2025-02-28 19:18:00,Normal,40,0
2025-02-28 19:18:00,Normal,40,0
2025-02-28 19:18:00,Normal,40,0
2025-02-28 19:18:00,Normal,40,0
2025-02-28 19:18:00,Normal,40,0
2025-02-28 19:18:00,Normal,40,0
2025-02-28 19:18:00,Normal,40,0
2025-02-28 19:18:00,Normal,40,0
2025-02-28 19:18:00,Normal,40,0
2025-02-28 19:18:00,Normal,40,0
2025-02-28 19:18:00,Normal,40,0
2025-02-28 19:18:01,Normal,40,0
2025-02-28 19:18:01,Normal,40,0
2025-02-28 19:18:01,Normal,40,0
2025-02-28 19:18:01,Normal,40,0
2025-02-28 19:18:01,Normal,40,0
2025-02-28 19:18:01,Normal,40,0
2025-02-28 19:18:01,Normal,40,0
2025-02-28 19:18:01,Normal,40,0
2025-02-28 19:18:01,Normal,40,0
2025-02-28 19:18:01,Normal,40,0
2025-02-28 19:18:01,Normal,40,0
2025-02-28 19:18:01,Normal,40,0
2025-02-28 19:18:01,Normal,40,0
2025-02-28 19:18:01,Normal,40,0
2025-02-28 19:18:02,Normal,40,0
2025-02-28 19:18:02,Normal,40,0
2025-02-28 19:18:02,Normal,40,0
2025-02-28 19:18:02,Normal,40,0
2025-02-28 19:18:02,Normal,40,0
2025-02-28 19:18:02,Normal,40,0
2025-02-28 19:18:02,Normal,40,0
2025-02-28 19:18:02,Normal,40,0
2025-02-28 19:18:02,Normal,40,0
2025-02-28 19:18:02,Normal,40,0
2025-02-28 19:18:02,Normal,40,0
2025-02-28 19:18:02,Normal,0,0
2025-02-28 19:18:02,Normal,0,0
2025-02-28 19:18:02,Normal,0,0
2025-02-28 19:18:02,Normal,0,0
2025-02-28 19:18:03,Normal,0,0
2025-02-28 19:18:03,Normal,0,0
2025-02-28 19:18:03,Normal,0,0
2025-02-28 19:18:03,Normal,0,0
2025-02-28 19:18:03,Normal,0,0
2025-02-28 19:18:03,Normal,0,0
2025-02-28 19:18:03,Normal,0,0
2025-02-28 19:18:03,Normal,0,0
2025-02-28 19:18:03,Normal,0,0
2025-02-28 19:18:03,Normal,0,0
2025-02-28 19:18:03,Normal,0,0
2025-02-28 19:18:03,Normal,0,0
2025-02-28 19:18:03,Normal,0,0
2025-02-28 19:18:03,Normal,0,0
2025-02-28 19:18:04,Normal,0,0
2025-02-28 19:18:04,Normal,0,0
2025-02-28 19:18:04,Normal,0,0
2025-02-28 19:18:04,Normal,0,0
2025-02-28 19:18:04,Normal,0,0
2025-02-28 19:18:04,Normal,0,0
2025-02-28 19:18:04,Normal,0,0
2025-02-28 19:18:04,Normal,0,0
2025-02-28 19:18:04,Normal,0,0
2025-02-28 19:18:04,Normal,0,0
2025-02-28 19:18:04,Normal,0,0
2025-02-28 19:18:04,Normal,0,0
2025-02-28 19:18:04,Normal,0,0
2025-02-28 19:18:04,Normal,0,0
2025-02-28 19:18:04,Normal,0,0
2025-02-28 19:18:05,Normal,0,0
2025-02-28 19:18:05,Normal,0,0
2025-02-28 19:18:05,Normal,0,0
2025-02-28 19:18:05,Normal,0,0
2025-02-28 19:18:05,Normal,0,0
2025-02-28 19:18:05,Normal,0,0
2025-02-28 19:18:05,Normal,0,0
2025-02-28 19:18:05,Normal,0,0
2025-02-28 19:18:05,Normal,0,0
2025-02-28 19:18:05,Normal,0,0
2025-02-28 19:18:05,Normal,0,0
2025-02-28 19:18:05,Normal,0,0
2025-02-28 19:18:05,Normal,0,0
2025-02-28 19:18:05,Normal,0,0
2025-02-28 19:18:06,Normal,0,0
2025-02-28 19:18:06,Normal,0,0
2025-02-28 19:18:06,Normal,0,0
2025-02-28 19:18:06,Normal,0,0
2025-02-28 19:18:06,Normal,0,0
2025-02-28 19:18:06,Normal,0,0
2025-02-28 19:18:06,Normal,0,0
2025-02-28 19:18:06,Normal,0,0
2025-02-28 19:18:06,Normal,0,0
2025-02-28 19:18:06,Normal,0,0
2025-02-28 19:18:06,Normal,0,0
2025-02-28 19:18:06,Normal,0,0
2025-02-28 19:18:06,Normal,0,0
2025-02-28 19:18:06,Normal,0,0
2025-02-28 19:18:07,Normal,0,0
2025-02-28 19:18:07,Normal,0,0
2025-02-28 19:18:07,Normal,0,0
2025-02-28 19:18:07,Normal,0,0
2025-02-28 19:18:07,Normal,0,0
2025-02-28 19:18:07,Normal,0,0
2025-02-28 19:18:07,Normal,0,0
2025-02-28 19:18:07,Normal,0,0
2025-02-28 19:18:07,Normal,0,0
2025-02-28 19:18:07,Normal,0,0
2025-02-28 19:18:07,Normal,0,0
2025-02-28 19:18:07,Normal,0,0
2025-02-28 19:18:07,Normal,0,0
2025-02-28 19:18:07,Normal,0,0
2025-02-28 19:18:07,Normal,0,0
2025-02-28 19:18:08,Normal,0,0
2025-02-28 19:18:08,Normal,0,0
2025-02-28 19:18:08,Normal,0,0
2025-02-28 19:18:08,Normal,0,0
2025-02-28 19:18:08,Normal,0,0
2025-02-28 19:18:08,Normal,0,0
2025-02-28 19:18:08,Normal,0,0
2025-02-28 19:18:08,Normal,0,0
2025-02-28 19:18:08,Normal,0,0
2025-02-28 19:18:08,Normal,0,0
2025-02-28 19:18:08,Normal,0,0
2025-02-28 19:18:08,Normal,0,0
2025-02-28 19:18:08,Normal,0,0
2025-02-28 19:18:08,Normal,0,0
2025-02-28 19:18:08,Normal,0,0
2025-02-28 19:18:09,Normal,0,0
2025-02-28 19:18:09,Normal,0,0
2025-02-28 19:18:09,Normal,0,0
2025-02-28 19:18:09,Normal,0,0
2025-02-28 19:18:09,Normal,0,0
2025-02-28 19:18:09,Normal,0,0
2025-02-28 19:18:09,Normal,0,0
2025-02-28 19:18:09,Normal,0,0
2025-02-28 19:18:09,Normal,0,0
2025-02-28 19:18:09,Normal,0,0
2025-02-28 19:18:09,Normal,0,0
2025-02-28 19:18:09,Normal,0,0
2025-02-28 19:18:09,Normal,0,0
2025-02-28 19:18:09,Normal,0,0
2025-02-28 19:18:10,Normal,0,0
2025-02-28 19:18:10,Normal,0,0
2025-02-28 19:18:10,Normal,0,0
2025-02-28 19:18:10,Normal,0,0
2025-02-28 19:18:10,Normal,0,0
2025-02-28 19:18:10,Normal,0,0
2025-02-28 19:18:10,Normal,0,0
2025-02-28 19:18:10,Normal,0,0
2025-02-28 19:18:10,Normal,0,0
2025-02-28 19:18:10,Normal,0,0
2025-02-28 19:18:10,Normal,0,0
2025-02-28 19:18:10,Normal,0,0
2025-02-28 19:18:10,Normal,0,0
2025-02-28 19:18:10,Normal,0,0
2025-02-28 19:18:10,Normal,0,0
2025-02-28 19:18:11,Normal,0,0
2025-02-28 19:18:11,Normal,0,0
2025-02-28 19:18:11,Normal,0,0
2025-02-28 19:18:11,Normal,0,0
2025-02-28 19:18:11,Normal,0,0
2025-02-28 19:18:11,Normal,0,0
2025-02-28 19:18:11,Normal,0,0
2025-02-28 19:18:11,Normal,0,0
2025-02-28 19:18:11,Normal,0,0
2025-02-28 19:18:11,Normal,0,0
2025-02-28 19:18:11,Normal,0,0
2025-02-28 19:18:11,Normal,0,0
2025-02-28 19:18:11,Normal,0,0
2025-02-28 19:18:11,Normal,0,0
2025-02-28 19:18:12,Normal,0,0
2025-02-28 19:18:12,Normal,0,0
2025-02-28 19:18:12,Normal,0,0
2025-02-28 19:18:12,Normal,0,0
2025-02-28 19:18:12,Normal,0,0
2025-02-28 19:18:12,Normal,0,0
2025-02-28 19:18:12,Normal,0,0
2025-02-28 19:18:12,Normal,0,0
2025-02-28 19:18:12,Normal,0,0
2025-02-28 19:18:12,Normal,0,0
2025-02-28 19:18:12,Normal,0,0
2025-02-28 19:18:12,Normal,0,0
2025-02-28 19:18:12,Normal,0,0
2025-02-28 19:18:12,Normal,0,0
2025-02-28 19:18:12,Normal,0,0
2025-02-28 19:18:13,Normal,0,0
2025-02-28 19:18:13,Normal,0,0
2025-02-28 19:18:13,Normal,0,0
2025-02-28 19:18:13,Normal,0,0
2025-02-28 19:18:13,Normal,0,0
2025-02-28 19:18:13,Normal,0,0
2025-02-28 19:18:13,Normal,0,0
2025-02-28 19:18:13,Normal,0,0
2025-02-28 19:18:13,Normal,0,0
2025-02-28 19:18:13,Normal,0,0
2025-02-28 19:18:13,Normal,0,0
2025-02-28 19:18:13,Normal,0,0
2025-02-28 19:18:14,Normal,0,0
2025-02-28 19:18:14,Normal,0,0
2025-02-28 19:18:14,Normal,0,0
2025-02-28 19:18:14,Normal,0,0
2025-02-28 19:18:14,Normal,0,0
2025-02-28 19:18:14,Normal,0,0
2025-02-28 19:18:14,Normal,0,0
2025-02-28 19:18:14,Normal,0,0
2025-02-28 19:18:14,Normal,0,0
2025-02-28 19:18:14,Normal,0,0
2025-02-28 19:18:14,Normal,0,0
2025-02-28 19:18:14,Normal,0,0
2025-02-28 19:18:14,Normal,0,0
2025-02-28 19:18:15,Normal,0,0
2025-02-28 19:18:15,Normal,0,0
2025-02-28 19:18:15,Normal,0,0
2025-02-28 19:18:15,Normal,0,0
2025-02-28 19:18:15,Normal,0,0
2025-02-28 19:18:15,Normal,0,0
2025-02-28 19:18:15,Normal,0,0
2025-02-28 19:18:15,Normal,0,0
2025-02-28 19:18:15,Normal,0,0
2025-02-28 19:18:15,Normal,0,0
2025-02-28 19:18:15,Normal,0,0
2025-02-28 19:18:15,Normal,0,0
2025-02-28 19:18:15,Normal,0,0
2025-02-28 19:18:15,Normal,0,0
2025-02-28 19:18:16,Normal,0,0
2025-02-28 19:18:16,Normal,0,0
2025-02-28 19:18:16,Normal,0,0
2025-02-28 19:18:16,Normal,0,0
